<?xml version="1.0" encoding="utf-8"?>
<odoo>
    <data noupdate="1">

        <record id="op_timetable_1" model="op.timetable">
            <field name="period_id" ref="op_period_1" />
            <field name="faculty_id" ref="openeducat_core.op_faculty_1" />
            <field name="course_id" ref="openeducat_core.op_course_2" />
            <field name="batch_id" ref="openeducat_core.op_batch_1" />
            <field name="subject_id" ref="openeducat_core.op_subject_6" />
            <field name="start_datetime" eval="time.strftime('%Y-%m-%d 04:30:00')" />
            <field name="end_datetime" eval="time.strftime('%Y-%m-%d 05:30:00')" />
            <field name="type">Monday</field>
        </record>

        <record id="op_timetable_2" model="op.timetable">
            <field name="period_id" ref="op_period_2" />
            <field name="faculty_id" ref="openeducat_core.op_faculty_3" />
            <field name="course_id" ref="openeducat_core.op_course_2" />
            <field name="batch_id" ref="openeducat_core.op_batch_1" />
            <field name="subject_id" ref="openeducat_core.op_subject_7" />
            <field name="start_datetime" eval="time.strftime('%Y-%m-%d 05:30:00')" />
            <field name="end_datetime" eval="time.strftime('%Y-%m-%d 06:30:00')" />
            <field name="type">Monday</field>
        </record>

        <record id="op_timetable_3" model="op.timetable">
            <field name="period_id" ref="op_period_2" />
            <field name="faculty_id" ref="openeducat_core.op_faculty_4" />
            <field name="course_id" ref="openeducat_core.op_course_2" />
            <field name="batch_id" ref="openeducat_core.op_batch_1" />
            <field name="subject_id" ref="openeducat_core.op_subject_8" />
            <field name="start_datetime" eval="time.strftime('%Y-%m-%d 06:30:00')" />
            <field name="end_datetime" eval="time.strftime('%Y-%m-%d 07:30:00')" />
            <field name="type">Tuesday</field>
        </record>

        <record id="op_timetable_4" model="op.timetable">
            <field name="period_id" ref="op_period_3" />
            <field name="faculty_id" ref="openeducat_core.op_faculty_6" />
            <field name="course_id" ref="openeducat_core.op_course_2" />
            <field name="batch_id" ref="openeducat_core.op_batch_1" />
            <field name="subject_id" ref="openeducat_core.op_subject_9" />
            <field name="start_datetime" eval="time.strftime('%Y-%m-%d 07:30:00')" />
            <field name="end_datetime" eval="time.strftime('%Y-%m-%d 08:30:00')" />
            <field name="type">Tuesday</field>
        </record>

    </data>
</odoo>
