<?xml version="1.0" encoding="utf-8"?>
<odoo>
    <data noupdate="1">

        <record id="op_period_1" model="op.period">
            <field name="name">10AM-11AM</field>
            <field name="sequence">1</field>
            <field name="hour">10</field>
            <field name="minute">00</field>
            <field name="am_pm">am</field>
            <field name="duration">1</field>
        </record>

        <record id="op_period_2" model="op.period">
            <field name="name">11AM-12PM</field>
            <field name="sequence">2</field>
            <field name="hour">11</field>
            <field name="minute">00</field>
            <field name="am_pm">am</field>
            <field name="duration">1</field>
        </record>

        <record id="op_period_3" model="op.period">
            <field name="name">12PM-1PM</field>
            <field name="sequence">3</field>
            <field name="hour">12</field>
            <field name="minute">00</field>
            <field name="am_pm">pm</field>
            <field name="duration">1</field>
        </record>

        <record id="op_period_4" model="op.period">
            <field name="name">2PM-3PM</field>
            <field name="sequence">4</field>
            <field name="hour">2</field>
            <field name="minute">00</field>
            <field name="am_pm">pm</field>
            <field name="duration">1</field>
        </record>

        <record id="op_period_5" model="op.period">
            <field name="name">3PM-5PM</field>
            <field name="sequence">5</field>
            <field name="hour">3</field>
            <field name="minute">00</field>
            <field name="am_pm">pm</field>
            <field name="duration">2</field>
        </record>

    </data>
</odoo>
