<?xml version="1.0" encoding="utf-8"?>
<odoo>
    <data noupdate="1">

        <record id="op_classroom_1" model="op.classroom">
            <field name="code">R001</field>
            <field name="name">R001</field>
            <field name="capacity">20</field>
            <field name="course_id" ref="openeducat_core.op_course_2" />
        </record>

        <record id="op_classroom_2" model="op.classroom">
            <field name="code">R002</field>
            <field name="name">R002</field>
            <field name="capacity">30</field>
            <field name="course_id" ref="openeducat_core.op_course_1" />
        </record>

        <record id="op_classroom_3" model="op.classroom">
            <field name="code">R003</field>
            <field name="name">R003</field>
            <field name="capacity">30</field>
            <field name="course_id" ref="openeducat_core.op_course_3" />
        </record>

        <record id="op_classroom_4" model="op.classroom">
            <field name="code">R004</field>
            <field name="name">R004</field>
            <field name="capacity">25</field>
            <field name="course_id" ref="openeducat_core.op_course_4" />
        </record>

    </data>
</odoo>
