<?xml version="1.0" encoding="utf-8"?>
<odoo>
    <data noupdate="1">

        <record id="op_assignment_sub_line_1" model="op.assignment.sub.line">
            <field name="description">The answers to the questions are described
                here.</field>
            <field name="state">draft</field>
            <field name="assignment_id" ref="op_assignment_1" />
            <field name="student_id" ref="openeducat_core.op_student_1" />
        </record>

        <record id="op_assignment_sub_line_2" model="op.assignment.sub.line">
            <field name="description">The answers to the questions are described
                here.</field>
            <field name="state">draft</field>
            <field name="assignment_id" ref="op_assignment_1" />
            <field name="student_id" ref="openeducat_core.op_student_2" />
        </record>

        <record id="op_assignment_sub_line_3" model="op.assignment.sub.line">
            <field name="description">The answers of the questions are placed
                here.</field>
            <field name="state">accept</field>
            <field name="assignment_id" ref="op_assignment_1" />
            <field name="student_id" ref="openeducat_core.op_student_3" />
        </record>

    </data>
</odoo>
