<?xml version="1.0" encoding="UTF-8"?>
<odoo>
    <data>
        <!-- List VIEW of Books To be Due by Today -->
        <record model="ir.actions.act_window" id="act_op_book_today">
            <field name="name">Book</field>
            <field name="type">ir.actions.act_window</field>
            <field name="res_model">op.book.movement</field>
            <field name="view_type">form</field>
            <field name="view_mode">tree,form</field>
            <field name="search_view_id" ref="view_op_book_movement_search" />
            <field name="domain">[('state','=','issue'),('return_date','=',time.strftime('%Y-%m-%d'))]
            </field>
            <field name="context">{}</field>
        </record>
        <!-- List VIEW of Books To be Due by This Week -->
        <record model="ir.actions.act_window" id="act_op_book_month">
            <field name="name">Book</field>
            <field name="type">ir.actions.act_window</field>
            <field name="res_model">op.book.movement</field>
            <field name="view_type">form</field>
            <field name="view_mode">tree,form</field>
            <field name="search_view_id" ref="view_op_book_movement_search" />
            <field name="domain">[('state','=','issue'),('return_date','&lt;=',(context_today()+datetime.timedelta(days=31)).strftime('%Y-%m-%d')),('return_date','&gt;=',(context_today()-datetime.timedelta(days=1)).strftime('%Y-%m-%d'))]
            </field>
            <field name="context">{'search_default_month':1}</field>
        </record>
        <record id="board_libray_form" model="ir.ui.view">
            <field name="name">board.libray.form</field>
            <field name="model">board.board</field>
            <field name="arch" type="xml">
                <form string="Libray Dashboard">
                    <board style="2-1">
                        <column>
                            <action name="%(act_op_book_today)d" string="Due Book of Today" />
                        </column>
                        <column>
                            <action name="%(act_op_book_month)d" string="Due Book of Month" />
                        </column>
                    </board>
                </form>
            </field>
        </record>
        <record id="open_board_libray" model="ir.actions.act_window">
            <field name="name">Libray Dashboard</field>
            <field name="res_model">board.board</field>
            <field name="view_type">form</field>
            <field name="view_mode">form</field>
            <field name="usage">menu</field>
            <field name="view_id" ref="board_libray_form" />
        </record>
    </data>
</odoo>
