"id","name","model_id:id","group_id:id","perm_read","perm_write","perm_create","perm_unlink"
"access_op_facility","name_op_facility","model_op_facility","base.group_user",1,1,1,0
"access_op_facility_back_office","name_op_facility_back_office","model_op_facility","openeducat_core.group_op_back_office",1,0,0,0
"access_op_facility_line","name_op_facility_line","model_op_facility_line","base.group_user",1,1,1,0
"access_op_facility_line_back_office","name_op_facility_line_back_office","model_op_facility_line","openeducat_core.group_op_back_office",1,0,0,0
