"id","name","model_id:id","group_id:id","perm_read","perm_write","perm_create","perm_unlink"
"access_op_admission","name_op_admission","model_op_admission","base.group_user",1,1,1,0

"access_op_admission_register_back_office","name_op_admission_register_back_office","model_op_admission_register","openeducat_core.group_op_back_office",1,1,1,0
"access_op_assignmentadmission_register_back_office_admin","name_op_admission_register_back_office_admin","model_op_admission_register","openeducat_core.group_op_back_office_admin",1,1,1,1
