<?xml version="1.0" encoding="utf-8"?>
<odoo>
    <data noupdate="1">
        <record id="op_faculty_1" model="op.faculty">
            <field name="title" ref="base.res_partner_title_mister" />
            <field name="name">Aadolf</field>
            <field name="middle_name">D</field>
            <field name="last_name">Church,D,</field>
            <field name="gender">male</field>
            <field name="birth_date">1983-02-01</field>
            <field name="blood_group">B+</field>
            <field name="email">aadolfdchurch@demo.com</field>
            <field name="city"></field>
            <field name="nationality" ref="base.us" />
            <field name="type">contact</field>
            <field name="customer">True</field>
            <field name="active">True</field>
            <field name="photo" type="base64"
                file="openeducat_core/static/img/faculty_1.jpg" />
        </record>

        <record id="op_faculty_2" model="op.faculty">
            <field name="title" ref="base.res_partner_title_mister" />
            <field name="name">Dylan</field>
            <field name="middle_name">Q</field>
            <field name="last_name">Hidalgo</field>
            <field name="gender">male</field>
            <field name="birth_date">1993-02-05</field>
            <field name="blood_group">O+</field>
            <field name="email">dylanqhidalgo@demo.com</field>
            <field name="city"></field>
            <field name="nationality" ref="base.de" />
            <field name="type">contact</field>
            <field name="customer">True</field>
            <field name="active">True</field>
            <field name="photo" type="base64"
                file="openeducat_core/static/img/faculty_2.jpg" />
        </record>

        <record id="op_faculty_3" model="op.faculty">
            <field name="title" ref="base.res_partner_title_miss" />
            <field name="name">Lucia</field>
            <field name="middle_name">K</field>
            <field name="last_name">Sison</field>
            <field name="gender">female</field>
            <field name="birth_date">1982-09-04</field>
            <field name="blood_group">A-</field>
            <field name="email">kuciaksison@demo.com</field>
            <field name="city"></field>
            <field name="nationality" ref="base.mt" />
            <field name="type">contact</field>
            <field name="customer">True</field>
            <field name="active">True</field>
            <field name="photo" type="base64"
                file="openeducat_core/static/img/faculty_3.jpg" />
        </record>

        <record id="op_faculty_4" model="op.faculty">
            <field name="title" ref="base.res_partner_title_mister" />
            <field name="name">Badru</field>
            <field name="middle_name">V</field>
            <field name="last_name">Turay</field>
            <field name="gender">male</field>
            <field name="birth_date">1984-06-04</field>
            <field name="blood_group">A+</field>
            <field name="email">badruvturay@demo.com</field>
            <field name="city"></field>
            <field name="nationality" ref="base.ao" />
            <field name="type">contact</field>
            <field name="customer">True</field>
            <field name="active">True</field>
            <field name="photo" type="base64"
                file="openeducat_core/static/img/faculty_4.jpg" />
        </record>

        <record id="op_faculty_5" model="op.faculty">
            <field name="title" ref="base.res_partner_title_miss" />
            <field name="name">Maaike</field>
            <field name="middle_name">L</field>
            <field name="last_name">Effiong</field>
            <field name="gender">female</field>
            <field name="birth_date">1982-08-09</field>
            <field name="blood_group">O+</field>
            <field name="email">maaikeleffiong@demo.com</field>
            <field name="city"></field>
            <field name="nationality" ref="base.cf" />
            <field name="type">contact</field>
            <field name="customer">True</field>
            <field name="active">True</field>
            <field name="photo" type="base64"
                file="openeducat_core/static/img/faculty_5.jpg" />
        </record>

        <record id="op_faculty_6" model="op.faculty">
            <field name="title" ref="base.res_partner_title_mister" />
            <field name="name">Harpreet Singh</field>
            <field name="middle_name">K</field>
            <field name="last_name">Bagga</field>
            <field name="gender">male</field>
            <field name="birth_date">1980-09-05</field>
            <field name="blood_group">B+</field>
            <field name="email">harpreetsinghkbagga@demo.com</field>
            <field name="city"></field>
            <field name="nationality" ref="base.in" />
            <field name="type">contact</field>
            <field name="customer">True</field>
            <field name="active">True</field>
            <field name="photo" type="base64"
                file="openeducat_core/static/img/faculty_6.jpg" />
        </record>

        <record id="op_faculty_7" model="op.faculty">
            <field name="title" ref="base.res_partner_title_miss" />
            <field name="name">Sanjana</field>
            <field name="middle_name">E</field>
            <field name="last_name">Pillay</field>
            <field name="gender">female</field>
            <field name="birth_date">1985-06-17</field>
            <field name="blood_group">A-</field>
            <field name="email">sanjanaepillay@demo.com</field>
            <field name="city"></field>
            <field name="nationality" ref="base.in" />
            <field name="type">contact</field>
            <field name="customer">True</field>
            <field name="active">True</field>
            <field name="photo" type="base64"
                file="openeducat_core/static/img/faculty_7.jpg" />
        </record>

        <record id="op_faculty_8" model="op.faculty">
            <field name="title" ref="base.res_partner_title_miss" />
            <field name="name">Tanya</field>
            <field name="middle_name">male</field>
            <field name="last_name">Wagle</field>
            <field name="gender">female</field>
            <field name="birth_date">1987-08-04</field>
            <field name="blood_group">B+</field>
            <field name="email">tanyamwagle@demo.com</field>
            <field name="city"></field>
            <field name="nationality" ref="base.in" />
            <field name="type">contact</field>
            <field name="customer">True</field>
            <field name="active">True</field>
            <field name="photo" type="base64"
                file="openeducat_core/static/img/faculty_8.jpg" />
        </record>

        <record id="op_faculty_9" model="op.faculty">
            <field name="title" ref="base.res_partner_title_mister" />
            <field name="name">Chang</field>
            <field name="middle_name">D</field>
            <field name="last_name">Suen</field>
            <field name="gender">male</field>
            <field name="birth_date">1982-04-06</field>
            <field name="blood_group">B-</field>
            <field name="email">changdsuen@demo.com</field>
            <field name="city"></field>
            <field name="nationality" ref="base.cn" />
            <field name="type">contact</field>
            <field name="customer">True</field>
            <field name="active">True</field>
            <field name="photo" type="base64"
                file="openeducat_core/static/img/faculty_9.jpg" />
        </record>

        <record id="op_faculty_10" model="op.faculty">
            <field name="title" ref="base.res_partner_title_miss" />
            <field name="name">Komal</field>
            <field name="middle_name">H</field>
            <field name="last_name">Shah</field>
            <field name="gender">female</field>
            <field name="birth_date">1981-03-15</field>
            <field name="blood_group">A-</field>
            <field name="email">komalhshah@demo.com</field>
            <field name="city"></field>
            <field name="nationality" ref="base.in" />
            <field name="type">contact</field>
            <field name="customer">True</field>
            <field name="active">True</field>
            <field name="photo" type="base64"
                file="openeducat_core/static/img/faculty_10.jpg" />
        </record>

    </data>
</odoo>
