<?xml version="1.0" encoding="utf-8"?>
<odoo>
    <data noupdate="1">

        <record id="base.user_student" model="res.users">
            <field name="name">Student</field>
            <field name="new_password">student</field>
            <field name="login">student@openeducat.org</field>
            <field name="company_id" ref="base.main_company" />
        </record>

        <record id="base.user_faculty" model="res.users">
            <field name="name">Faculty</field>
            <field name="new_password">faculty</field>
            <field name="login">faculty@openeducat.org</field>
            <field name="company_id" ref="base.main_company" />
        </record>

        <record id="base.user_bo" model="res.users">
            <field name="name">Back Office</field>
            <field name="new_password">backoffice</field>
            <field name="login">backoffice@openeducat.org</field>
            <field name="company_id" ref="base.main_company" />
        </record>

        <record id="base.user_boa" model="res.users">
            <field name="name">Back Office Admin</field>
            <field name="new_password">backofficeadmin</field>
            <field name="login">backofficeadmin@openeducat.org</field>
            <field name="company_id" ref="base.main_company" />
        </record>
    </data>
</odoo>
