<?xml version="1.0" encoding="utf-8"?>
<odoo>
    <data noupdate="1">

        <record id="op_achievement_1" model="op.achievement">
            <field name="description">Got first rank in paper presentation at
                tech first.
            </field>
            <field name="achievement_date"
                eval="(DateTime.today() - relativedelta(months=2)).strftime('%Y-%m-14 %H:%M')" />
            <field name="faculty_id" ref="openeducat_core.op_faculty_6" />
            <field name="student_id" ref="openeducat_core.op_student_1" />
            <field name="achievement_type" ref="op_achievement_type_2" />
        </record>

        <record id="op_achievement_2" model="op.achievement">
            <field name="description">Got gold medal in national level
                competition.
            </field>
            <field name="achievement_date"
                eval="(DateTime.today() - relativedelta(months=3)).strftime('%Y-%m-22 %H:%M')" />
            <field name="faculty_id" ref="openeducat_core.op_faculty_1" />
            <field name="student_id" ref="openeducat_core.op_student_6" />
            <field name="achievement_type" ref="op_achievement_type_1" />
        </record>

        <record id="op_achievement_3" model="op.achievement">
            <field name="description">Got first rank in code master at tech
                first.
            </field>
            <field name="achievement_date"
                eval="(DateTime.today() - relativedelta(months=10)).strftime('%Y-%m-03 %H:%M')" />
            <field name="faculty_id" ref="openeducat_core.op_faculty_3" />
            <field name="student_id" ref="openeducat_core.op_student_20" />
            <field name="achievement_type" ref="op_achievement_type_2" />
        </record>

    </data>
</odoo>
