<?xml version="1.0" encoding="utf-8"?>
<odoo>
    <data noupdate="1">

        <record id="op_book_unit_20" model="op.book.unit">
            <field name="name">Troposhere in Details-U001</field>
            <field name="barcode">28355622026</field>
            <field name="state">available</field>
            <field name="book_id" ref="op_book_1" />
        </record>

        <record id="op_book_unit_2" model="op.book.unit">
            <field name="name">Troposhere in Details-U002</field>
            <field name="barcode">33382092022</field>
            <field name="state">available</field>
            <field name="book_id" ref="op_book_1" />
        </record>

        <record id="op_book_unit_3" model="op.book.unit">
            <field name="name">Troposhere in Details-U003</field>
            <field name="barcode">39450345356</field>
            <field name="state">available</field>
            <field name="book_id" ref="op_book_1" />
        </record>


        <record id="op_book_unit_4" model="op.book.unit">
            <field name="name">Land Restoration Techniques-Science-U0001
            </field>
            <field name="barcode">27302300387</field>
            <field name="state">available</field>
            <field name="book_id" ref="op_book_2" />
        </record>

        <record id="op_book_unit_5" model="op.book.unit">
            <field name="name">Land Restoration Techniques-Science-U0002
            </field>
            <field name="barcode">44433345227</field>
            <field name="state">available</field>
            <field name="book_id" ref="op_book_2" />
        </record>


        <record id="op_book_unit_6" model="op.book.unit">
            <field name="name">Land Restoration Techniques-Science-U0003
            </field>
            <field name="barcode">54896595404</field>
            <field name="state">available</field>
            <field name="book_id" ref="op_book_2" />
        </record>

        <record id="op_book_unit_7" model="op.book.unit">
            <field name="name">Basic Accounting-U0001</field>
            <field name="barcode">86583983375</field>
            <field name="state">available</field>
            <field name="book_id" ref="op_book_3" />
        </record>

        <record id="op_book_unit_8" model="op.book.unit">
            <field name="name">Basic Accounting-U0002</field>
            <field name="barcode">76545655656</field>
            <field name="state">available</field>
            <field name="book_id" ref="op_book_3" />
        </record>

        <record id="op_book_unit_9" model="op.book.unit">
            <field name="name">Basic Accounting-U0003</field>
            <field name="barcode">76545655893</field>
            <field name="state">available</field>
            <field name="book_id" ref="op_book_3" />
        </record>

        <record id="op_book_unit_10" model="op.book.unit">
            <field name="name">Basic Accounting-U0004</field>
            <field name="barcode">76545654003</field>
            <field name="state">available</field>
            <field name="book_id" ref="op_book_3" />
        </record>

        <record id="op_book_unit_11" model="op.book.unit">
            <field name="name">Basic Accounting-U0005</field>
            <field name="barcode">76545644945</field>
            <field name="state">available</field>
            <field name="book_id" ref="op_book_3" />
        </record>

        <record id="op_book_unit_12" model="op.book.unit">
            <field name="name">Advanced Accounting-U0001</field>
            <field name="barcode">58409303037</field>
            <field name="state">available</field>
            <field name="book_id" ref="op_book_4" />
        </record>

        <record id="op_book_unit_13" model="op.book.unit">
            <field name="name">Advanced Accounting-U0002</field>
            <field name="barcode">58409303888</field>
            <field name="state">available</field>
            <field name="book_id" ref="op_book_4" />
        </record>

        <record id="op_book_unit_14" model="op.book.unit">
            <field name="name">Advanced Accounting-U0003</field>
            <field name="barcode">58409303763</field>
            <field name="state">available</field>
            <field name="book_id" ref="op_book_4" />
        </record>

        <record id="op_book_unit_15" model="op.book.unit">
            <field name="name">Advanced Accounting-U0004</field>
            <field name="barcode">58909303766</field>
            <field name="state">available</field>
            <field name="book_id" ref="op_book_4" />
        </record>

        <record id="op_book_unit_16" model="op.book.unit">
            <field name="name">Advanced Accounting-U0005</field>
            <field name="barcode">58905303762</field>
            <field name="state">available</field>
            <field name="book_id" ref="op_book_4" />
        </record>

    </data>
</odoo>
