<?xml version="1.0" encoding="utf-8"?>
<odoo>
    <data noupdate="1">

        <record id="op_library_card_type_1" model="op.library.card.type">
            <field name="name">Bachelor Degree Card</field>
            <field name="allow_book">3</field>
            <field name="duration">10</field>
            <field name="penalty_amt_per_day">1</field>
        </record>

        <record id="op_library_card_type_2" model="op.library.card.type">
            <field name="name">Master Degree Card</field>
            <field name="allow_book">3</field>
            <field name="duration">10</field>
            <field name="penalty_amt_per_day">1</field>
        </record>

    </data>
</odoo>
