<?xml version="1.0" encoding="utf-8"?>
<odoo>
    <data noupdate="1">
        <record id="op_tag_1" model="op.tag">
            <field name="name">land</field>
        </record>

        <record id="op_tag_2" model="op.tag">
            <field name="name">troposhere</field>
        </record>

        <record id="op_tag_4" model="op.tag">
            <field name="name">LTRP</field>
        </record>

        <record id="op_tag_5" model="op.tag">
            <field name="name">restoration</field>
        </record>

        <record id="op_tag_6" model="op.tag">
            <field name="name">thechniques</field>
        </record>

        <record id="op_tag_7" model="op.tag">
            <field name="name">accounting</field>
        </record>
    </data>
</odoo>
