<?xml version="1.0" encoding="utf-8"?>
<odoo>
    <data noupdate="1">

        <record id="op_room_1" model="op.room">
            <field name="name">Room-1</field>
            <field name="code">rm1</field>
            <field name="capacity">5</field>
            <field name="hostel_id" ref="op_hostel_1" />
        </record>

        <record id="op_room_2" model="op.room">
            <field name="name">Room-2</field>
            <field name="code">rm2</field>
            <field name="capacity">6</field>
            <field name="hostel_id" ref="op_hostel_1" />
        </record>

        <record id="op_room_3" model="op.room">
            <field name="name">Room-3</field>
            <field name="code">rm3</field>
            <field name="capacity">5</field>
            <field name="hostel_id" ref="op_hostel_1" />
        </record>

        <record id="op_room_4" model="op.room">
            <field name="name">Room-4</field>
            <field name="code">rm4</field>
            <field name="capacity">5</field>
            <field name="hostel_id" ref="op_hostel_1" />
        </record>

    </data>
</odoo>
