"id","name","model_id:id","group_id:id","perm_read","perm_write","perm_create","perm_unlink"
"access_op_book_student","name_op_book_student","model_op_book","openeducat_core.group_op_student",1,1,0,0
"access_op_book_faculty","name_op_book_faculty","model_op_book","openeducat_core.group_op_faculty",1,1,0,0
"access_op_book_back_office","name_op_book_back_office","model_op_book","openeducat_core.group_op_back_office",1,1,1,0
"access_op_book_back_office_admin","name_op_book_back_office_admin","model_op_book","openeducat_core.group_op_back_office_admin",1,1,1,1
"access_op_book_library","name_op_book_library","model_op_book","group_op_library",1,1,1,1
"access_op_publisher_student","name_op_publisher_student","model_op_publisher","openeducat_core.group_op_student",1,1,1,0
"access_op_publisher_faculty","name_op_publisher_student_faculty","model_op_publisher","openeducat_core.group_op_faculty",1,1,1,0
"access_op_publisher_library","name_op_publisher_library","model_op_publisher","group_op_library",1,1,1,0
"access_op_publisher_back_office","name_op_publisher_student_back_office","model_op_publisher","openeducat_core.group_op_back_office",1,1,1,1
"access_op_publisher_back_office_admin","name_op_publisher_student_back_office_admin","model_op_publisher","openeducat_core.group_op_back_office_admin",1,1,1,1
"access_op_author_student","name_op_author_student","model_op_author","openeducat_core.group_op_student",1,0,0,0
"access_op_author_faculty","name_op_author_faculty","model_op_author","openeducat_core.group_op_faculty",1,1,1,0
"access_op_author_library","name_op_author_library","model_op_author","group_op_library",1,1,1,0
"access_op_author_back_office","name_op_author_student_back_office","model_op_author","openeducat_core.group_op_back_office",1,1,1,1
"access_op_author_back_office_admin","name_op_author_student_back_office_admin","model_op_author","openeducat_core.group_op_back_office_admin",1,1,1,1
"access_op_tag_student","name_op_tag_student","model_op_tag","openeducat_core.group_op_student",1,0,0,0
"access_op_tag_faculty","name_op_tag_student_faculty","model_op_tag","openeducat_core.group_op_faculty",1,0,0,0
"access_op_tag_library","name_op_tag_library","model_op_tag","group_op_library",1,0,0,0
"access_op_tag_back_office","name_op_tag_student_back_office","model_op_tag","openeducat_core.group_op_back_office",1,1,1,1
"access_op_tag_back_office_admin","name_op_tag_student_back_office_admin","model_op_tag","openeducat_core.group_op_back_office_admin",1,1,1,1
"access_op_book_movement_student","name_op_book_movement_student","model_op_book_movement","openeducat_core.group_op_student",1,0,0,0
"access_op_book_movement_faculty","name_op_book_movement_student_faculty","model_op_book_movement","openeducat_core.group_op_faculty",1,0,0,0
"access_op_book_movement_library","name_op_book_movement_library","model_op_book_movement","group_op_library",1,1,1,1
"access_op_book_movement_back_office","name_op_book_movement_student_back_office","model_op_book_movement","openeducat_core.group_op_back_office",1,1,1,1
"access_op_book_movement_back_office_admin","name_op_book_movement_student_back_office_admin","model_op_book_movement","openeducat_core.group_op_back_office_admin",1,1,1,1
"access_op_book_queue_student","name_op_book_queue_student","model_op_book_queue","openeducat_core.group_op_student",1,1,1,1
"access_op_book_queue_faculty","name_op_book_queue_student_faculty","model_op_book_queue","openeducat_core.group_op_faculty",1,1,1,1
"access_op_book_queue_library","op_book_queue_library","model_op_book_queue","group_op_library",1,1,0,1
"access_op_book_queue_back_office","name_op_book_queue_student_back_office","model_op_book_queue","openeducat_core.group_op_back_office",1,1,1,1
"access_op_book_queue_back_office_admin","name_op_book_queue_student_back_office_admin","model_op_book_queue","openeducat_core.group_op_back_office_admin",1,1,1,1
"access_op_book_purchase_student","name_op_book_purchase_student","model_op_book_purchase","openeducat_core.group_op_student",1,1,1,0
"access_op_book_purchase_faculty","name_op_book_purchase_faculty","model_op_book_purchase","openeducat_core.group_op_faculty",1,1,1,0
"access_op_book_purchase_library","name_op_book_purchase_library","model_op_book_purchase","group_op_library",1,1,1,0
"access_op_book_purchase_back_office","name_op_book_purchase_back_office","model_op_book_purchase","openeducat_core.group_op_back_office",1,1,1,1
"access_op_book_purchase_back_office_admin","name_op_book_purchase_back_office_admin","model_op_book_purchase","openeducat_core.group_op_back_office_admin",1,1,1,1
"access_op_library_card_student","name_op_library_card_student","model_op_library_card","openeducat_core.group_op_student",1,0,0,0
"access_op_library_card_faculty","name_op_library_card_faculty","model_op_library_card","openeducat_core.group_op_faculty",1,0,0,0
"access_op_library_card_library","name_op_library_card_library","model_op_library_card","group_op_library",1,1,1,1
"access_op_library_card_back_office","name_op_library_card_back_office","model_op_library_card","openeducat_core.group_op_back_office",1,1,1,1
"access_op_library_card_back_office_admin","name_op_library_card_back_office_admin","model_op_library_card","openeducat_core.group_op_back_office_admin",1,1,1,1
"access_op_library_card_type_student","name_op_library_card_type_student","model_op_library_card_type","openeducat_core.group_op_student",1,0,0,0
"access_op_library_card_type_faculty","name_op_library_card_type_faculty","model_op_library_card_type","openeducat_core.group_op_faculty",1,0,0,0
"access_op_library_card_type_library","name_op_library_card_type_library","model_op_library_card_type","group_op_library",1,1,1,1
"access_op_library_card_type_back_office","name_op_library_card_type_back_office","model_op_library_card_type","openeducat_core.group_op_back_office",1,1,1,1
"access_op_library_card_type_back_office_admin","name_op_library_card_type_back_office_admin","model_op_library_card_type","openeducat_core.group_op_back_office_admin",1,1,1,1
"access_op_book_unit_student","name_op_book_unit_student","model_op_book_unit","openeducat_core.group_op_student",1,1,0,0
"access_op_book_unit_faculty","name_op_book_unit_faculty","model_op_book_unit","openeducat_core.group_op_faculty",1,1,0,0
"access_op_book_unit_back_office","name_op_book_unit_back_office","model_op_book_unit","openeducat_core.group_op_back_office",1,1,1,0
"access_op_book_unit_back_office_admin","name_op_book_unit_back_office_admin","model_op_book_unit","openeducat_core.group_op_back_office_admin",1,1,1,1
"access_op_book_unit_library","name_op_book_unit_library","model_op_book_unit","group_op_library",1,1,1,1
"access_op_course_library","name_op_course_library","openeducat_core.model_op_course","group_op_library",1,0,0,0
"access_op_subject_library","name_op_subject_library","openeducat_core.model_op_subject","group_op_library",1,0,0,0
"access_op_faculty_library","name_op_faculty_library","openeducat_core.model_op_faculty","group_op_library",1,0,0,0
"access_op_student_library","name_op_student_library","openeducat_core.model_op_student","group_op_library",1,0,0,0
"access_op_res_partner_library","name_op_res_partner_library","base.model_res_partner","group_op_library",1,0,0,0
