<?xml version="1.0" encoding="utf-8"?>
<odoo>
    <data noupdate="1">

        <record id="op_stop_1" model="op.stop">
            <field name="name">Pickup Point</field>
            <field name="sequence">1</field>
        </record>

        <record id="op_stop_2" model="op.stop">
            <field name="name">Public Garden</field>
            <field name="sequence">2</field>
        </record>

        <record id="op_stop_3" model="op.stop">
            <field name="name">Court Road</field>
            <field name="sequence">3</field>
        </record>

        <record id="op_stop_4" model="op.stop">
            <field name="name">Ring Road</field>
            <field name="sequence">4</field>
        </record>

        <record id="op_stop_5" model="op.stop">
            <field name="name">Barton Library</field>
            <field name="sequence">5</field>
        </record>

        <record id="op_stop_6" model="op.stop">
            <field name="name">Pickup Point</field>
            <field name="sequence">6</field>
        </record>

        <record id="op_stop_7" model="op.stop">
            <field name="name">Pickup Point</field>
            <field name="sequence">7</field>
        </record>

    </data>
</odoo>
