<?xml version="1.0" encoding="utf-8"?>
<odoo>
    <data noupdate="1">

        <record id="op_vehicle_1" model="op.vehicle">
            <field name="name">Bus</field>
            <field name="reg_number">6DG8523</field>
            <field name="capacity">50</field>
            <field name="active">True</field>
        </record>

        <record id="op_vehicle_2" model="op.vehicle">
            <field name="name">Mini Bus</field>
            <field name="reg_number">8CA5565</field>
            <field name="capacity">30</field>
            <field name="active">True</field>
        </record>

        <record id="op_vehicle_3" model="op.vehicle">
            <field name="name">SUV</field>
            <field name="reg_number">8EB5694</field>
            <field name="capacity">10</field>
            <field name="active">True</field>
        </record>

    </data>
</odoo>
