"id","name","model_id:id","group_id:id","perm_read","perm_write","perm_create","perm_unlink"
"access_op_placement_offer_faculty","name_op_placement_offer_faculty","model_op_placement_offer","openeducat_core.group_op_faculty",1,0,0,0
"access_op_placement_offer_student","name_op_placement_offer_student","model_op_placement_offer","openeducat_core.group_op_student",1,0,0,0
"access_op_placement_offer_back_office","name_op_placement_offer_back_office","model_op_placement_offer","openeducat_core.group_op_back_office",1,1,1,1
"access_op_placement_offer_back_office_admin","name_op_placement_offer_back_office_admin","model_op_placement_offer","openeducat_core.group_op_back_office_admin",1,1,1,1
