<?xml version="1.0" encoding="utf-8"?>
<odoo>
    <data noupdate="1">

        <record id="op_roll_number_21" model="op.roll.number">
            <field name="roll_number">G01</field>
            <field name="student_id" ref="op_student_21" />
            <field name="course_id" ref="openeducat_core.op_course_6" />
            <field name="batch_id" ref="openeducat_core.op_batch_5" />
        </record>

        <record id="op_roll_number_22" model="op.roll.number">
            <field name="roll_number">G02</field>
            <field name="student_id" ref="op_student_22" />
            <field name="course_id" ref="openeducat_core.op_course_6" />
            <field name="batch_id" ref="openeducat_core.op_batch_5" />
        </record>

    </data>
</odoo>
