<?xml version="1.0" encoding="utf-8"?>
<odoo>
    <data noupdate="1">

        <record id="op_student_21" model="op.student">
            <field name="title" ref="base.res_partner_title_mister" />
            <field name="name">Hunter</field>
            <field name="middle_name">D</field>
            <field name="last_name">Warren</field>
            <field name="gender">m</field>
            <field name="birth_date">2003-05-03</field>
            <field name="blood_group">A-</field>
            <field name="email">hunterdwarren@demo.com</field>
            <field name="country_id" ref="base.us" />
            <field name="nationality" ref="base.us" />
            <field name="type">contact</field>
            <field name="customer">True</field>
            <field name="active">True</field>
            <field name="course_id" ref="openeducat_core.op_course_6" />
            <field name="batch_id" ref="openeducat_core.op_batch_5" />
            <field name="alumni_boolean" eval="True" />
            <field name="passing_year" ref="openeducat_core.op_batch_5" />
            <field name="current_position">Teacher</field>
            <field name="current_job">Global School</field>
            <field name="photo" type="base64"
                file="openeducat_alumni/static/img/student_21.jpg" />
        </record>

        <record id="op_student_22" model="op.student">
            <field name="title" ref="base.res_partner_title_miss" />
            <field name="name">Evelyn</field>
            <field name="middle_name">S</field>
            <field name="last_name">Jordan</field>
            <field name="gender">f</field>
            <field name="birth_date">2003-06-02</field>
            <field name="blood_group">O-</field>
            <field name="email">evelynsjordan@demo.com</field>
            <field name="country_id" ref="base.us" />
            <field name="nationality" ref="base.us" />
            <field name="type">contact</field>
            <field name="customer">True</field>
            <field name="active">True</field>
            <field name="course_id" ref="openeducat_core.op_course_6" />
            <field name="batch_id" ref="openeducat_core.op_batch_5" />
            <field name="alumni_boolean" eval="True" />
            <field name="passing_year" ref="openeducat_core.op_batch_5" />
            <field name="current_position">Teacher</field>
            <field name="current_job">All Day School</field>
            <field name="photo" type="base64"
                file="openeducat_alumni/static/img/student_22.jpg" />
        </record>

    </data>
</odoo>
