<?xml version="1.0" encoding="utf-8"?>
<odoo>
    <data noupdate="1">

        <record id="op_exam_session_1" model="op.exam.session">
            <field name="exam_code">BOA-E001</field>
            <field name="name">BOA-Exam-001</field>
            <field name="room_id" ref="op_exam_room_1" />
            <field name="course_id" ref="openeducat_core.op_course_2" />
            <field name="batch_id" ref="openeducat_core.op_batch_1" />
            <field name="start_date"
                eval="(DateTime.today() - relativedelta(months=2)).strftime('%Y-%m-01 %H:%M')" />
            <field name="end_date"
                eval="(DateTime.today() - relativedelta(months=2)).strftime('%Y-%m-04 %H:%M')" />
        </record>

        <record id="op_exam_session_2" model="op.exam.session">
            <field name="exam_code">LRTP-E01</field>
            <field name="name">LRTP-Exam-001</field>
            <field name="room_id" ref="op_exam_room_2" />
            <field name="course_id" ref="openeducat_core.op_course_1" />
            <field name="batch_id" ref="openeducat_core.op_batch_2" />
            <field name="start_date"
                eval="(DateTime.today() - relativedelta(months=2)).strftime('%Y-%m-11 %H:%M')" />
            <field name="end_date"
                eval="(DateTime.today() - relativedelta(months=2)).strftime('%Y-%m-15 %H:%M')" />
        </record>

    </data>
</odoo>
