<?xml version="1.0" encoding="utf-8"?>
<odoo>
    <data noupdate="1">

        <record id="op_placement_offer_1" model="op.placement.offer">
            <field name="name">OneStep Public School</field>
            <field name="offer_package">12000</field>
            <field name="training_period">1 Yr</field>
            <field name="join_date" eval="'%s-09-08' %(datetime.now().year-1)" />
            <field name="state">join</field>
            <field name="student_id" ref="openeducat_core.op_student_10" />
        </record>

        <record id="op_placement_offer_2" model="op.placement.offer">
            <field name="name">Global Solutions</field>
            <field name="offer_package">11500</field>
            <field name="training_period">2 Yr</field>
            <field name="join_date" eval="'%s-06-08' %(datetime.now().year-2)" />
            <field name="state">join</field>
            <field name="student_id" ref="openeducat_core.op_student_2" />
        </record>

        <record id="op_placement_offer_3" model="op.placement.offer">
            <field name="name">Aspire Associate</field>
            <field name="offer_package">18000</field>
            <field name="training_period">1.5 Yr</field>
            <field name="join_date" eval="'%s-06-01' %(datetime.now().year-1)" />
            <field name="state">join</field>
            <field name="student_id" ref="openeducat_core.op_student_6" />
        </record>

    </data>
</odoo>
