<?xml version="1.0" encoding="utf-8"?>
<odoo>
    <data noupdate="1">

        <record id="op_scholarship_1" model="op.scholarship">
            <field name="name">Graduate Scholarship</field>
            <field name="student_id" ref="openeducat_core.op_student_1" />
            <field name="type_id" ref="op_scholarship_type_1" />
        </record>

        <record id="op_scholarship_2" model="op.scholarship">
            <field name="name">Military Scholarship</field>
            <field name="student_id" ref="openeducat_core.op_student_2" />
            <field name="type_id" ref="op_scholarship_type_2" />
        </record>

    </data>
</odoo>
