<?xml version="1.0" encoding="utf-8"?>
<odoo>
    <data noupdate="1">

        <record id="op_attendance_register_1" model="op.attendance.register">
            <field name="code">BOA-S1A1</field>
            <field name="name">BOA-S1A1</field>
            <field name="course_id" ref="openeducat_core.op_course_2" />
            <field name="batch_id" ref="openeducat_core.op_batch_1" />
        </record>

        <record id="op_attendance_register_2" model="op.attendance.register">
            <field name="code">LRTPS1A2</field>
            <field name="name">LRTPS1A2</field>
            <field name="course_id" ref="openeducat_core.op_course_1" />
            <field name="batch_id" ref="openeducat_core.op_batch_2" />
        </record>

    </data>
</odoo>
