<?xml version="1.0" encoding="utf-8"?>
<odoo>
    <data noupdate="1">

        <record id="op_attendance_sheet_1" model="op.attendance.sheet">
            <field name="name">AR1-AS01</field>
            <field name="register_id" ref="op_attendance_register_1" />
            <field name="attendance_date"
                eval="(DateTime.today() - relativedelta(months=1)).strftime('%Y-%m-01 %H:%M')" />
        </record>
        <record id="op_attendance_sheet_2" model="op.attendance.sheet">
            <field name="name">AR1-AS02</field>
            <field name="register_id" ref="op_attendance_register_1" />
            <field name="attendance_date"
                eval="(DateTime.today() - relativedelta(months=1)).strftime('%Y-%m-02 %H:%M')" />
        </record>
        <record id="op_attendance_sheet_3" model="op.attendance.sheet">
            <field name="name">AR1-AS03</field>
            <field name="register_id" ref="op_attendance_register_1" />
            <field name="attendance_date"
                eval="(DateTime.today() - relativedelta(months=1)).strftime('%Y-%m-03 %H:%M')" />
        </record>
        <record id="op_attendance_sheet_4" model="op.attendance.sheet">
            <field name="name">AR1-AS04</field>
            <field name="register_id" ref="op_attendance_register_1" />
            <field name="attendance_date"
                eval="(DateTime.today() - relativedelta(months=1)).strftime('%Y-%m-04 %H:%M')" />
        </record>
        <record id="op_attendance_sheet_5" model="op.attendance.sheet">
            <field name="name">AR1-AS05</field>
            <field name="register_id" ref="op_attendance_register_1" />
            <field name="attendance_date"
                eval="(DateTime.today() - relativedelta(months=1)).strftime('%Y-%m-05 %H:%M')" />
        </record>
        <record id="op_attendance_sheet_6" model="op.attendance.sheet">
            <field name="name">AR1-AS06</field>
            <field name="register_id" ref="op_attendance_register_1" />
            <field name="attendance_date"
                eval="(DateTime.today() - relativedelta(months=1)).strftime('%Y-%m-06 %H:%M')" />
        </record>
        <record id="op_attendance_sheet_7" model="op.attendance.sheet">
            <field name="name">AR1-AS07</field>
            <field name="register_id" ref="op_attendance_register_1" />
            <field name="attendance_date"
                eval="(DateTime.today() - relativedelta(months=1)).strftime('%Y-%m-07 %H:%M')" />

        </record>
        <record id="op_attendance_sheet_8" model="op.attendance.sheet">
            <field name="name">AR1-AS08</field>
            <field name="register_id" ref="op_attendance_register_1" />
            <field name="attendance_date"
                eval="(DateTime.today() - relativedelta(months=1)).strftime('%Y-%m-08 %H:%M')" />
        </record>

        <record id="op_attendance_sheet_9" model="op.attendance.sheet">
            <field name="name">AR1-AS09</field>
            <field name="register_id" ref="op_attendance_register_1" />
            <field name="attendance_date"
                eval="(DateTime.today() - relativedelta(months=1)).strftime('%Y-%m-09 %H:%M')" />
        </record>

        <record id="op_attendance_sheet_10" model="op.attendance.sheet">
            <field name="name">AR1-AS10</field>
            <field name="register_id" ref="op_attendance_register_1" />
            <field name="attendance_date"
                eval="(DateTime.today() - relativedelta(months=1)).strftime('%Y-%m-10 %H:%M')" />
        </record>

        <record id="op_attendance_sheet_11" model="op.attendance.sheet">
            <field name="name">AR1-AS11</field>
            <field name="register_id" ref="op_attendance_register_1" />
            <field name="attendance_date"
                eval="(DateTime.today() - relativedelta(months=1)).strftime('%Y-%m-11 %H:%M')" />
        </record>

        <record id="op_attendance_sheet_12" model="op.attendance.sheet">
            <field name="name">AR1-AS12</field>
            <field name="register_id" ref="op_attendance_register_1" />
            <field name="attendance_date"
                eval="(DateTime.today() - relativedelta(months=1)).strftime('%Y-%m-12 %H:%M')" />
        </record>

        <record id="op_attendance_sheet_13" model="op.attendance.sheet">
            <field name="name">AR1-AS13</field>
            <field name="register_id" ref="op_attendance_register_1" />
            <field name="attendance_date"
                eval="(DateTime.today() - relativedelta(months=1)).strftime('%Y-%m-13 %H:%M')" />
        </record>

        <record id="op_attendance_sheet_14" model="op.attendance.sheet">
            <field name="name">AR1-AS14</field>
            <field name="register_id" ref="op_attendance_register_1" />
            <field name="attendance_date"
                eval="(DateTime.today() - relativedelta(months=1)).strftime('%Y-%m-14 %H:%M')" />
        </record>

        <record id="op_attendance_sheet_15" model="op.attendance.sheet">
            <field name="name">AR1-AS15</field>
            <field name="register_id" ref="op_attendance_register_1" />
            <field name="attendance_date"
                eval="(DateTime.today() - relativedelta(months=1)).strftime('%Y-%m-15 %H:%M')" />
        </record>

        <record id="op_attendance_sheet_16" model="op.attendance.sheet">
            <field name="name">AR1-AS16</field>
            <field name="register_id" ref="op_attendance_register_1" />
            <field name="attendance_date"
                eval="(DateTime.today() - relativedelta(months=1)).strftime('%Y-%m-16 %H:%M')" />
        </record>

        <record id="op_attendance_sheet_17" model="op.attendance.sheet">
            <field name="name">AR1-AS17</field>
            <field name="register_id" ref="op_attendance_register_1" />
            <field name="attendance_date"
                eval="(DateTime.today() - relativedelta(months=1)).strftime('%Y-%m-17 %H:%M')" />
        </record>

        <record id="op_attendance_sheet_18" model="op.attendance.sheet">
            <field name="name">AR1-AS18</field>
            <field name="register_id" ref="op_attendance_register_1" />
            <field name="attendance_date"
                eval="(DateTime.today() - relativedelta(months=1)).strftime('%Y-%m-18 %H:%M')" />
        </record>

        <record id="op_attendance_sheet_19" model="op.attendance.sheet">
            <field name="name">AR1-AS01</field>
            <field name="register_id" ref="op_attendance_register_1" />
            <field name="attendance_date"
                eval="(DateTime.today() - relativedelta(months=1)).strftime('%Y-%m-19 %H:%M')" />
        </record>

        <record id="op_attendance_sheet_20" model="op.attendance.sheet">
            <field name="name">AR2-AS01</field>
            <field name="register_id" ref="op_attendance_register_2" />
            <field name="attendance_date"
                eval="(DateTime.today() - relativedelta(months=1)).strftime('%Y-%m-01 %H:%M')" />
        </record>

        <record id="op_attendance_sheet_21" model="op.attendance.sheet">
            <field name="name">AR2-AS02</field>
            <field name="register_id" ref="op_attendance_register_2" />
            <field name="attendance_date"
                eval="(DateTime.today() - relativedelta(months=1)).strftime('%Y-%m-02 %H:%M')" />
        </record>

        <record id="op_attendance_sheet_22" model="op.attendance.sheet">
            <field name="name">AR2-AS03</field>
            <field name="register_id" ref="op_attendance_register_2" />
            <field name="attendance_date"
                eval="(DateTime.today() - relativedelta(months=1)).strftime('%Y-%m-03 %H:%M')" />
        </record>

        <record id="op_attendance_sheet_23" model="op.attendance.sheet">
            <field name="name">AR2-AS04</field>
            <field name="register_id" ref="op_attendance_register_2" />
            <field name="attendance_date"
                eval="(DateTime.today() - relativedelta(months=1)).strftime('%Y-%m-04 %H:%M')" />
        </record>

        <record id="op_attendance_sheet_24" model="op.attendance.sheet">
            <field name="name">AR2-AS05</field>
            <field name="register_id" ref="op_attendance_register_2" />
            <field name="attendance_date"
                eval="(DateTime.today() - relativedelta(months=1)).strftime('%Y-%m-05 %H:%M')" />
        </record>

        <record id="op_attendance_sheet_25" model="op.attendance.sheet">
            <field name="name">AR2-AS06</field>
            <field name="register_id" ref="op_attendance_register_2" />
            <field name="attendance_date"
                eval="(DateTime.today() - relativedelta(months=1)).strftime('%Y-%m-06 %H:%M')" />
        </record>

        <record id="op_attendance_sheet_26" model="op.attendance.sheet">
            <field name="name">AR2-AS07</field>
            <field name="register_id" ref="op_attendance_register_2" />
            <field name="attendance_date"
                eval="(DateTime.today() - relativedelta(months=1)).strftime('%Y-%m-07 %H:%M')" />
        </record>

        <record id="op_attendance_sheet_27" model="op.attendance.sheet">
            <field name="name">AR2-AS08</field>
            <field name="register_id" ref="op_attendance_register_2" />
            <field name="attendance_date"
                eval="(DateTime.today() - relativedelta(months=1)).strftime('%Y-%m-08 %H:%M')" />
        </record>

        <record id="op_attendance_sheet_28" model="op.attendance.sheet">
            <field name="name">AR2-AS09</field>
            <field name="register_id" ref="op_attendance_register_2" />
            <field name="attendance_date"
                eval="(DateTime.today() - relativedelta(months=1)).strftime('%Y-%m-09 %H:%M')" />
        </record>

        <record id="op_attendance_sheet_29" model="op.attendance.sheet">
            <field name="name">AR2-AS10</field>
            <field name="register_id" ref="op_attendance_register_2" />
            <field name="attendance_date"
                eval="(DateTime.today() - relativedelta(months=1)).strftime('%Y-%m-10 %H:%M')" />
        </record>

        <record id="op_attendance_sheet_30" model="op.attendance.sheet">
            <field name="name">AR2-AS11</field>
            <field name="register_id" ref="op_attendance_register_2" />
            <field name="attendance_date"
                eval="(DateTime.today() - relativedelta(months=1)).strftime('%Y-%m-11 %H:%M')" />
        </record>

        <record id="op_attendance_sheet_31" model="op.attendance.sheet">
            <field name="name">AR2-AS12</field>
            <field name="register_id" ref="op_attendance_register_2" />
            <field name="attendance_date"
                eval="(DateTime.today() - relativedelta(months=1)).strftime('%Y-%m-12 %H:%M')" />
        </record>

        <record id="op_attendance_sheet_32" model="op.attendance.sheet">
            <field name="name">AR2-AS13</field>
            <field name="register_id" ref="op_attendance_register_2" />
            <field name="attendance_date"
                eval="(DateTime.today() - relativedelta(months=1)).strftime('%Y-%m-13 %H:%M')" />
        </record>

        <record id="op_attendance_sheet_33" model="op.attendance.sheet">
            <field name="name">AR2-AS14</field>
            <field name="register_id" ref="op_attendance_register_2" />
            <field name="attendance_date"
                eval="(DateTime.today() - relativedelta(months=1)).strftime('%Y-%m-14 %H:%M')" />
        </record>

        <record id="op_attendance_sheet_34" model="op.attendance.sheet">
            <field name="name">AR2-AS15</field>
            <field name="register_id" ref="op_attendance_register_2" />
            <field name="attendance_date"
                eval="(DateTime.today() - relativedelta(months=1)).strftime('%Y-%m-15 %H:%M')" />
        </record>

        <record id="op_attendance_sheet_35" model="op.attendance.sheet">
            <field name="name">AR2-AS16</field>
            <field name="register_id" ref="op_attendance_register_2" />
            <field name="attendance_date"
                eval="(DateTime.today() - relativedelta(months=1)).strftime('%Y-%m-16 %H:%M')" />
        </record>

        <record id="op_attendance_sheet_36" model="op.attendance.sheet">
            <field name="name">AR2-AS17</field>
            <field name="register_id" ref="op_attendance_register_2" />
            <field name="attendance_date"
                eval="(DateTime.today() - relativedelta(months=1)).strftime('%Y-%m-17 %H:%M')" />
        </record>

        <record id="op_attendance_sheet_37" model="op.attendance.sheet">
            <field name="name">AR2-AS18</field>
            <field name="register_id" ref="op_attendance_register_2" />
            <field name="attendance_date"
                eval="(DateTime.today() - relativedelta(months=1)).strftime('%Y-%m-18 %H:%M')" />
        </record>

    </data>
</odoo>
