"id","name","model_id:id","group_id:id","perm_read","perm_write","perm_create","perm_unlink"
"access_op_period","name_op_period","model_op_period","base.group_user",1,1,1,0

"access_op_timetable_faculty","name_op_timetable_faculty","model_op_timetable","openeducat_core.group_op_faculty",1,0,0,0
"access_op_timetable_student","name_op_timetable_student","model_op_timetable","openeducat_core.group_op_student",1,0,0,0
"access_op_timetable_back_office","name_op_timetable_back_office","model_op_timetable","openeducat_core.group_op_back_office",1,1,1,1
"access_op_timetable_back_office_admin","name_op_timetable_back_office_admin","model_op_timetable","openeducat_core.group_op_back_office_admin",1,1,1,1
